,RA,DEC,QUICK_OBJECT_ID,MAG_AUTO_G,MAGERR_AUTO_G,MAG_AUTO_R,MAGERR_AUTO_R,MAG_AUTO_I,MAGERR_AUTO_I,MAG_AUTO_Z,MAGERR_AUTO_Z,Z
0,348.89416594050937,20.197499367150783,10402800005287,20.881002,0.040685024,19.103413,0.015792958,99.0,99.0,18.180386,0.018203428,0.44061
1,348.39153996078016,21.591934172241793,10402800097932,22.29209,0.12193921,20.547527,0.050572146,99.0,99.0,19.669634,0.04664179,0.564429
2,348.6974236393528,19.632812729131757,10402800002966,20.414228,0.039001346,19.082596,0.020306185,99.0,99.0,99.0,99.0,0.299671
3,348.8375381644247,19.746707608282435,10402800003046,22.424812,0.09906913,20.58066,0.042989124,99.0,99.0,19.516575,0.03178602,0.523908
4,349.0574710147665,21.72897410851793,10402800040459,21.189981,0.06548739,19.383112,0.01924901,99.0,99.0,18.512737,0.017848685,0.413986
5,348.67345752202505,20.540171176006226,10402800050771,21.338696,0.058815338,19.541855,0.02740988,99.0,99.0,18.371214,0.018057058,0.518096
6,349.1683762092388,21.31407684814279,10402800009236,21.876106,0.06086123,20.972254,0.037412327,99.0,99.0,20.1026,0.04918878,0.747466
7,348.57714553797246,20.02499562554074,10402800031086,22.362465,0.09188575,20.37246,0.034301095,99.0,99.0,19.145565,0.024270628,0.518839
8,348.5129125170117,19.75714030977153,10402800031507,21.982052,0.09314032,19.836613,0.029841313,99.0,99.0,18.56523,0.020362543,0.578305
9,348.09681344869927,20.74877194951972,10402800090556,19.188057,0.014918984,17.583706,0.006912242,99.0,99.0,16.75773,0.0062439805,0.283372
10,348.5586044368396,20.629540857793316,10402800050659,22.30553,0.11451235,20.633188,0.054884452,99.0,99.0,19.1418,0.025801484,0.676789
11,349.99835872990604,20.708803288841636,10402800043340,19.095608,0.010626924,17.664125,0.0065320735,99.0,99.0,16.964523,0.007373213,0.241458
12,348.90970471607676,21.09619348213151,10402800086114,20.12485,0.02956522,18.44484,0.01031898,99.0,99.0,99.0,99.0,0.316427
13,349.6570009089943,21.03105238189687,10402800047054,22.095924,0.071045354,20.405487,0.035925917,99.0,99.0,19.02686,0.021285985,0.608497
14,349.56432188282383,20.886085035849405,10402800048231,21.574192,0.066304736,19.831732,0.029689383,99.0,99.0,18.837114,0.024089517,0.514884
15,349.3575694318091,20.637930862017157,10402800051547,21.698343,0.08383434,20.163609,0.039628584,99.0,99.0,19.186186,0.03296591,0.446842
16,348.75166567690866,19.921245133017663,10402800002656,21.572575,0.0670881,19.995094,0.027476087,99.0,99.0,18.903555,0.023966061,0.439443
17,348.3058845972245,21.286165627092387,10402800014059,19.33208,0.01669893,18.011108,0.008049058,99.0,99.0,17.238596,0.0075281546,0.24859
18,348.4934020410981,20.196113198601978,10402800030202,20.474836,0.02384428,18.813885,0.011163947,99.0,99.0,17.936352,0.01003815,0.344934
19,348.50416222537683,21.25172520713255,10402800123397,21.28154,0.060392465,20.298403,0.03666481,99.0,99.0,19.62981,0.034500252,0.251491
20,348.1651950483364,20.649230700693366,10402800044806,22.014505,0.084862046,19.925276,0.030408043,99.0,99.0,18.719532,0.017115656,0.523621
21,349.0130160128053,21.727069219127756,10402800040464,18.339888,0.00764721,17.164177,0.0037951753,99.0,99.0,16.484968,0.0041997987,0.185806
22,349.0912400734542,20.707040457801554,10402800003823,22.273537,0.11856445,20.719038,0.06799972,99.0,99.0,19.793644,0.05120662,0.421542
23,348.622965416735,21.085633949668562,10402800088319,19.418865,0.018375417,17.941393,0.008352772,99.0,99.0,17.204382,0.00799808,0.290622
24,349.4968338369114,20.539794092687444,10402800051697,21.670135,0.04098971,21.576712,0.07303259,99.0,99.0,20.999712,0.094496414,0.867126
25,347.6991299232126,20.606550162430324,10402800001290,21.594236,0.06753713,19.788574,0.024295498,99.0,99.0,18.923092,0.019475788,0.567125
26,348.23574745489276,21.52216570530169,10402800061473,21.341757,0.07339254,20.448837,0.054997195,99.0,99.0,99.0,99.0,0.736499
27,349.3304334057016,19.998854774776518,10402800081905,18.50685,0.0066775945,17.223177,0.0051994887,99.0,99.0,16.503046,0.0051780785,0.2032
28,349.75456223050986,20.507094608206202,10402800075329,21.730507,0.06608379,19.979599,0.030318365,99.0,99.0,19.098236,0.029178275,0.4537
29,349.2440080174853,20.19157651557775,10402800038145,21.32449,0.030716991,21.138836,0.07053096,99.0,99.0,99.0,99.0,1.26127
30,348.5997433080145,21.76612555570985,10402800040196,20.765625,0.052026287,19.484793,0.023994615,99.0,99.0,18.743202,0.023636363,0.522879
31,349.78484799004855,20.960085052585228,10402800077382,21.08317,0.038172875,19.75808,0.026715368,99.0,99.0,18.841751,0.019451318,0.33127
32,348.81219814235715,20.692322422705914,10402800091212,22.26224,0.11017429,20.520264,0.037395675,99.0,99.0,19.304432,0.030453838,0.519003
33,348.21578833840044,20.74250348980513,10402800025780,21.696009,0.06570565,19.757343,0.019847073,99.0,99.0,18.649014,0.013848485,0.514553
34,349.11285366288575,20.36437720577976,10402800080886,22.268528,0.08806932,19.745022,0.03455544,99.0,99.0,19.546816,0.04942013,0.589384
35,348.6857406870922,20.79308216768132,10402800024677,21.844528,0.08901813,20.31436,0.05162513,99.0,99.0,19.15935,0.03501603,0.640578
36,349.3330304626688,21.41753917196118,10402800007849,21.567286,0.07031079,20.012455,0.028512057,99.0,99.0,19.24549,0.0306749,0.459083
37,349.49547598415967,20.838889608251876,10402800073560,21.27538,0.05087202,19.64379,0.026784033,99.0,99.0,18.875618,0.025713589,0.379692
38,348.14429254627805,21.383220033987058,10402800022910,21.88395,0.0718063,20.324274,0.034328643,99.0,99.0,19.224812,0.019916467,0.566845
39,348.1551891869401,20.547592067218687,10402800116492,19.042221,0.013826106,17.870506,0.009113311,99.0,99.0,17.162123,0.0069510248,0.220742
40,349.1518273940189,19.988226174288585,10402800058941,21.510506,0.065140955,20.316324,0.043599423,99.0,99.0,19.587936,0.038614005,0.512633
41,348.8674134175862,20.271334770648892,10402800081358,22.666622,0.11252569,20.753855,0.049060777,99.0,99.0,19.403053,0.036637124,0.665427
42,349.1709659648436,20.133293566937667,10402800038024,21.928513,0.07646292,20.986797,0.06332127,99.0,99.0,19.912533,0.054886654,0.771719
43,348.95825929073226,20.371368562973288,10402800080785,20.057625,0.01904058,18.4882,0.009846717,99.0,99.0,17.677465,0.012618712,0.325536
44,349.18572502118735,20.35678193489916,10402800020231,22.306776,0.094786614,20.953642,0.058865022,99.0,99.0,19.88615,0.05319863,0.530881
45,348.6674846525615,20.153670390855538,10402800002327,22.184496,0.09275273,20.446978,0.030826064,99.0,99.0,19.299358,0.021929115,0.521265
46,349.700182702899,20.386604722858436,10402800081192,22.917768,0.1345506,20.762346,0.061620053,99.0,99.0,19.180296,0.035396658,0.657879
47,348.6300353471768,20.504711847276724,10402800126535,21.14953,0.05186667,19.561533,0.024081573,99.0,99.0,18.609846,0.022381973,0.518485
48,349.1863554448383,19.977710031801863,10402800076358,22.413198,0.10746979,20.522242,0.043950256,99.0,99.0,19.332655,0.03567353,0.518473
49,349.094248245722,20.450550032529605,10402800053121,21.898207,0.07646525,20.132925,0.037134107,99.0,99.0,19.155346,0.03317804,0.522672
50,348.10295756263173,20.300623515573093,10402800045578,20.455576,0.026024703,18.852192,0.012101837,99.0,99.0,18.041925,0.009244384,0.367485
51,349.7046099370436,20.536922857089763,10402800108391,19.232721,0.014080692,17.750595,0.008127635,99.0,99.0,17.072495,0.0094585335,0.27598
52,348.95183671224964,21.523639174025064,10402800012628,22.322405,0.11237786,99.0,99.0,99.0,99.0,99.0,99.0,0.547406
53,348.7277702192387,21.521341306330598,10402800040841,21.626137,0.090317324,20.039915,0.0373968,99.0,99.0,19.184368,0.031736698,0.34853
54,348.9421228834527,20.70109529983796,10402800049004,21.975182,0.07595136,20.121832,0.029237526,99.0,99.0,19.084238,0.025096852,0.666031
55,348.8823018226416,20.789446838785395,10402800091330,22.183172,0.07569949,20.391237,0.033511687,99.0,99.0,19.062363,0.02308945,0.554182
56,349.1819330976935,21.180368229654405,10402800086328,22.15922,0.08578245,20.537235,0.03932907,99.0,99.0,19.407227,0.037254807,0.608829
57,348.716475993144,20.166129767410112,10402800037478,22.420324,0.09644082,99.0,99.0,99.0,99.0,19.32947,0.03215198,0.606048
58,348.55011470587505,19.9119494229774,10402800058041,21.93094,0.082872584,19.800882,0.025861835,99.0,99.0,18.665222,0.021383742,0.523634
59,348.13193504218515,20.891458479178326,10402800042233,22.002941,0.082460456,20.001266,0.03547307,99.0,99.0,18.838951,0.020678654,0.578859
60,349.1830544399757,19.873759558470667,10402800082162,22.08525,0.07519346,20.20662,0.0391724,99.0,99.0,19.1502,0.029908963,0.501003
61,348.76591787974934,21.221193444395723,10402800101080,21.80288,0.09236838,20.373718,0.04037184,99.0,99.0,19.196358,0.028292598,0.520355
62,348.9940137500343,20.792888474473898,10402800033690,22.1248,0.09720544,20.003693,0.04096721,99.0,99.0,18.86479,0.03154289,0.515273
63,349.0410929782391,20.161090373684445,10402800057123,20.291939,0.01178188,19.915018,0.01688669,99.0,99.0,19.748018,0.033052467,0.593188
64,348.15079862658075,20.058373492782692,10402800030554,20.567144,0.027869895,18.963,0.013704392,99.0,99.0,18.142496,0.011394883,0.399781
65,349.39332862506785,21.246863553244353,10402800041722,20.033468,0.02372899,18.293083,0.00941144,99.0,99.0,17.54926,0.0112728495,0.349468
66,348.4746937839044,20.796083750137285,10402800125382,22.464613,0.1323518,20.912992,0.07299905,99.0,99.0,19.410381,0.03044597,0.677922
67,348.4671510062249,20.288331092101217,10402800017362,21.844652,0.07430136,20.121162,0.02929013,99.0,99.0,19.050306,0.020999376,0.539321
68,348.69309976641824,19.779102505637866,10402800060172,21.649296,0.06034918,19.89848,0.02837792,99.0,99.0,18.77347,0.02509116,0.520641
69,349.6321392363437,20.338979183068886,10402800037196,19.569662,0.014427526,17.93385,0.00815124,99.0,99.0,17.247156,0.0083329985,0.267916
70,348.6631008418934,21.295953072647507,10402800008353,19.797874,0.024168158,18.177055,0.008976093,99.0,99.0,17.426899,0.008687035,0.278197
71,349.4435294202173,21.21843486431564,10402800003320,17.184694,0.0029665742,16.282318,0.002880885,99.0,99.0,99.0,99.0,0.101851
72,348.7260190495314,20.53470906493368,10402800050877,22.119816,0.09602722,20.444023,0.037871726,99.0,99.0,19.163471,0.02319637,0.520575
73,348.828612976223,21.37375196561773,10402800013376,19.780752,0.032775722,18.281294,0.012488666,99.0,99.0,17.476374,0.011405662,0.279319
74,347.61719566332863,20.800484562638147,10402800015934,22.33811,0.1086275,20.409695,0.05000245,99.0,99.0,19.108198,0.03177596,0.519176
75,348.2906094967117,20.26370218051207,10402800054303,21.840387,0.067360625,20.247166,0.025199465,99.0,99.0,19.404385,0.02404028,0.424591
76,348.3711657432483,20.893425347923824,10402800015074,22.491983,0.12680125,19.987404,0.038937565,99.0,99.0,19.030327,0.029093822,0.498616
77,347.8177006590577,20.39552540369759,10402800117335,17.182177,0.0041337893,16.195225,0.0032867813,99.0,99.0,15.496399,0.0023497774,0.138713
78,349.5459455015871,20.323121140027865,10402800055826,20.617832,0.030354341,18.877535,0.016443083,99.0,99.0,18.098528,0.017081626,0.312124
79,348.8932556909513,19.751981660143827,10402800059773,22.21539,0.097391054,20.439339,0.049728908,99.0,99.0,19.464882,0.04452901,0.625003
80,348.35013953564425,21.452922467203933,10402800012994,18.846182,0.0121767,17.429773,0.005662058,99.0,99.0,16.649881,0.0049040453,0.27019
81,348.5772683159667,20.773973793928974,10402800001136,20.346155,0.05483264,18.79778,0.019169703,99.0,99.0,17.795918,0.01564878,0.315792
82,348.247971852698,21.042345743126845,10402800065619,22.089367,0.10982754,20.273293,0.051687777,99.0,99.0,19.6125,0.03679055,0.408326
83,348.3969717191312,19.79850472928669,10402800059115,21.650639,0.07660831,20.326384,0.040193792,99.0,99.0,19.12311,0.03177507,0.579158
84,349.43735978075927,20.19177429034349,10402800005693,21.680456,0.07001018,20.695402,0.055057503,99.0,99.0,99.0,99.0,0.557876
85,349.2758564593937,20.050521266014016,10402800057484,22.031284,0.07667551,20.116283,0.037941534,99.0,99.0,19.132645,0.028627833,0.500534
86,349.0519398225139,19.86836653479898,10402800006354,21.45689,0.081179544,99.0,99.0,99.0,99.0,99.0,99.0,0.608303
87,348.1644951277937,20.43532301990055,10402800016952,19.163813,0.013976171,17.742838,0.0076327883,99.0,99.0,99.0,99.0,0.305198
88,347.7465864852553,20.407483637947067,10402800028138,22.07146,0.09646798,20.189909,0.040786065,99.0,99.0,18.928526,0.024462173,0.62533
89,349.1855774636923,20.356913521091712,10402800004848,22.750996,0.11247833,99.0,99.0,99.0,99.0,99.0,99.0,0.530881
90,348.48020291054195,19.863595646347562,10402800057927,22.411358,0.09550059,20.600695,0.047098238,99.0,99.0,19.294418,0.029755069,0.519593
91,349.352419435665,20.682140067592016,10402800049550,21.554958,0.07699136,20.012426,0.041281145,99.0,99.0,19.090986,0.035832528,0.444859
92,348.59116479688396,20.03579969820153,10402800031110,22.292294,0.06807073,20.1908,0.02448411,99.0,99.0,18.935963,0.017120546,0.517498
93,348.5658736766129,21.108201711893074,10402800085901,22.070307,0.108288534,20.023985,0.03538547,99.0,99.0,18.714762,0.024455424,0.527242
94,349.0915992925953,21.043847741808918,10402800042066,22.08828,0.08033278,20.998003,0.060107775,99.0,99.0,20.036495,0.05200029,0.611556
95,347.79235832635464,20.755991177159558,10402800068557,22.22244,0.101066805,20.64235,0.045771264,99.0,99.0,19.376347,0.025955085,0.534158
96,348.6489366403852,20.78397508354395,10402800018388,22.587427,0.11164454,20.570526,0.05413037,99.0,99.0,99.0,99.0,0.633447
97,349.3199962677302,20.72620507818985,10402800049501,22.015251,0.07209228,20.256742,0.03451367,99.0,99.0,19.24624,0.027081309,0.488828
98,349.78755979474204,20.58791803699387,10402800052064,21.400723,0.066162884,19.663485,0.027045136,99.0,99.0,18.845703,0.020533526,0.444574
99,348.8459633306689,20.108405433016543,10402800128678,20.042086,0.033081193,18.798801,0.014768649,99.0,99.0,18.141418,0.012210958,0.344743
100,348.92109614605175,21.776355126371783,10402800012046,19.65896,0.023673382,18.082008,0.008125983,99.0,99.0,17.227137,0.008206065,0.278004
101,349.3324005425244,20.79107862830621,10402800104825,16.940422,0.0034876382,15.965801,0.0027256017,99.0,99.0,15.283023,0.0028444869,0.102785
102,347.86618218782314,20.46279956528913,10402800092476,21.741503,0.07127979,20.056164,0.024360511,99.0,99.0,18.904566,0.022082262,0.533987
103,350.04443001651526,20.756006253983855,10402800043363,22.401508,0.11697156,20.217657,0.047762003,99.0,99.0,19.268326,0.035362687,0.611755
104,348.436513168005,20.105432481025176,10402800056095,22.292383,0.09134179,20.449863,0.03407539,99.0,99.0,19.371284,0.025690585,0.56782
105,348.82813605826976,20.546021929919362,10402800028069,22.746716,0.11773204,20.98878,0.057541825,99.0,99.0,19.711584,0.032936856,0.524332
106,348.65528051338345,21.47757382912927,10402800013191,21.433842,0.07557254,19.818281,0.029458903,99.0,99.0,18.969429,0.026647655,0.432609
107,348.95297574812645,20.73391910606017,10402800079458,22.727055,0.12065739,20.412498,0.045855742,99.0,99.0,19.223398,0.036176372,0.515471
108,348.7576408155781,21.373503928991283,10402800013281,21.026855,0.06948243,19.534403,0.021013271,99.0,99.0,18.556404,0.016252574,0.45626
109,348.58528490787216,19.800756326971822,10402800002802,20.478506,0.03439757,19.85793,0.023521056,99.0,99.0,99.0,99.0,0.326029
110,347.69907700297455,20.963507150074648,10402800000357,20.988531,0.040435106,19.295597,0.016369805,99.0,99.0,18.46216,0.0138462335,0.341143
111,349.9668960174737,20.745699994225433,10402800080013,18.802559,0.010496396,17.35195,0.0052214977,99.0,99.0,16.63239,0.005115562,0.262084
112,349.1701735755036,21.57844356276577,10402800120651,21.636131,0.054303817,19.722027,0.018748866,99.0,99.0,18.691843,0.019008297,0.474163
113,349.71187836386554,20.485658817605724,10402800054120,21.293003,0.050116576,19.418772,0.023719918,99.0,99.0,18.598633,0.021451436,0.459823
114,349.42989100796393,21.260068664807136,10402800009657,21.653694,0.06366798,20.352331,0.04063874,99.0,99.0,19.464048,0.027196921,0.417598
115,348.53096382820524,19.740851731890942,10402800042638,20.75842,0.04062533,19.013803,0.014338662,99.0,99.0,18.033825,0.0141783375,0.401064
116,348.8534516019542,20.43138847091899,10402800052657,22.04877,0.085881785,20.224005,0.028092349,99.0,99.0,18.99908,0.021669855,0.521098
117,349.5547332033979,20.89064228371116,10402800079166,22.74797,0.13334762,20.16541,0.045849998,99.0,99.0,19.239855,0.03571537,0.515022
118,348.14079983634923,20.067027381942452,10402800030535,21.01201,0.039920747,19.314957,0.01605579,99.0,99.0,18.404694,0.012876364,0.398055
119,349.1245162786479,21.093108705467785,10402800042103,22.81469,0.1288813,21.334627,0.0663364,99.0,99.0,19.996395,0.049271144,0.638166
120,349.569963099575,20.42811413099163,10402800005091,21.166073,0.04978873,19.493208,0.019899396,99.0,99.0,99.0,99.0,0.313045
121,348.5893038052316,21.357637207069004,10402800008267,21.283428,0.068893686,19.499804,0.021264115,99.0,99.0,18.488714,0.017045403,0.301641
122,349.82864831772724,20.523714250023346,10402800052135,20.744532,0.03345238,19.169336,0.01722695,99.0,99.0,18.308037,0.018956443,0.406419
123,348.03760352381533,20.69582911485263,10402800125169,22.218145,0.115327194,20.409073,0.034913104,99.0,99.0,18.96039,0.028945373,0.538899
124,348.12240368509515,20.076974398653547,10402800046061,22.601006,0.107878864,19.731441,0.032343023,99.0,99.0,18.490454,0.01977698,0.523494
125,348.7169430451242,20.26398923596632,10402800020876,21.505491,0.05545647,19.875034,0.024438659,99.0,99.0,18.752323,0.02075068,0.521648
126,349.51220323140666,20.728591660217546,10402800074625,22.49107,0.116840385,20.594103,0.05902218,99.0,99.0,19.701836,0.041524455,0.593174
127,349.35821144978274,21.05928513884517,10402800078374,21.017416,0.03414632,19.338144,0.012433851,99.0,99.0,18.479334,0.014223167,0.339067
128,349.56076419197353,20.80356314350486,10402800077500,20.756006,0.043616507,18.888618,0.018413164,99.0,99.0,17.964518,0.01468103,0.421029
129,349.5377852113682,21.212149081133774,10402800003358,19.755064,0.022685919,18.414309,0.01318257,99.0,99.0,17.672703,0.011790273,0.274152
130,348.22014941937397,20.36472026425558,10402800117871,21.76,0.069201685,20.205933,0.031079784,99.0,99.0,19.23268,0.022820089,0.539542
131,348.75758466769764,21.24038854793278,10402800008516,21.804066,0.09533075,20.313925,0.04077183,99.0,99.0,19.201986,0.02657417,0.660575
132,348.6307611039636,20.660647882293205,10402800034253,22.438,0.12631321,20.973274,0.06661652,99.0,99.0,19.249502,0.030791316,0.622957
133,348.2591998954067,20.210290699102174,10402800045750,22.283705,0.08718362,20.540476,0.033567403,99.0,99.0,19.445482,0.02299073,0.522856
134,348.2670983456333,21.014402906900074,10402800101867,21.866444,0.09264843,20.2649,0.040491633,99.0,99.0,19.188599,0.02708797,0.509875
135,348.3845104903698,20.388538926858814,10402800028998,21.991625,0.072865404,19.922703,0.028604247,99.0,99.0,18.877266,0.01950166,0.520161
136,347.79673730553765,20.561778574813886,10402800026857,21.71382,0.064350486,20.08071,0.029890431,99.0,99.0,19.046612,0.022254152,0.533099
137,349.81881403700936,20.46987601366257,10402800020637,20.784554,0.03872379,19.2248,0.019850517,99.0,99.0,18.42894,0.019934278,0.408701
138,348.48762367603996,20.077200077923834,10402800071976,21.084574,0.032749895,19.424551,0.014728251,99.0,99.0,18.394777,0.011521332,0.332282
139,348.64495612094714,20.082582846438,10402800056362,20.469912,0.02013389,18.576797,0.009870409,99.0,99.0,17.631529,0.0072530666,0.407578
140,349.09091179962144,21.326302905361572,10402800063888,21.721958,0.075765476,20.254845,0.03377486,99.0,99.0,99.0,99.0,0.455668
141,349.6220095157247,20.764524461600118,10402800049847,21.339783,0.06471302,19.27046,0.024822451,99.0,99.0,18.303612,0.019678514,0.422295
142,348.49951911664834,19.853348788490862,10402800120494,22.206366,0.0649237,20.297749,0.033542845,99.0,99.0,19.32099,0.025208123,0.51533
143,348.24837475237666,20.4380503904556,10402800092883,22.41989,0.13186017,20.59717,0.04054584,99.0,99.0,19.288572,0.033916537,0.515631
144,349.2753281106723,20.698750654029993,10402800049415,22.013474,0.08720473,19.980993,0.04091932,99.0,99.0,19.022066,0.03719361,0.420953
145,348.6772762486684,21.459082116216095,10402800013204,22.380533,0.12593898,19.978735,0.024064932,99.0,99.0,18.983374,0.02395745,0.457755
146,349.4322058158845,21.37167890311298,10402800100498,21.746439,0.07982488,19.71206,0.024501557,99.0,99.0,18.58794,0.01856486,0.484021
147,349.11295589088036,20.364533030207625,10402800001813,21.901884,0.09059678,99.0,99.0,99.0,99.0,99.0,99.0,0.589384
148,349.35254659665355,20.56910530449278,10402800051535,21.816156,0.086957276,19.6857,0.03926869,99.0,99.0,19.014538,0.04126843,0.374293
149,348.09450062076763,20.841666329386157,10402800066231,17.210407,0.003830053,16.374172,0.0029602633,99.0,99.0,15.759171,0.002713336,0.075569
150,349.2446682602573,20.02403480170507,10402800006080,20.99484,0.055229984,20.033684,0.04595369,99.0,99.0,99.0,99.0,0.581805
151,349.27308136710565,20.17229959212004,10402800038189,21.32145,0.057282723,19.826475,0.03127527,99.0,99.0,18.928495,0.028887562,0.501203
152,347.920149246643,20.894626557365754,10402800113795,17.158667,0.0033557822,16.30425,0.002493238,99.0,99.0,15.663386,0.0025176748,0.0742126
153,347.67599316902704,20.98333008379737,10402800023219,22.126268,0.09529282,20.560364,0.039214976,99.0,99.0,99.0,99.0,0.517799
154,349.71064374795424,20.692869064634777,10402800049960,20.606068,0.044034913,18.74476,0.017777601,99.0,99.0,17.788532,0.014062274,0.422655
155,348.57739249153724,19.865579971516667,10402800058071,22.83687,0.13264053,20.902315,0.04021854,99.0,99.0,19.26536,0.027554918,0.627299
156,348.2132528235336,20.40966718160989,10402800045199,19.095127,0.011235397,17.906702,0.006805655,99.0,99.0,16.871862,0.008578654,0.221424
157,348.4164873667168,20.74793131067345,10402800090858,22.156994,0.09328082,20.264143,0.040655013,99.0,99.0,19.201015,0.025791172,0.514617
158,349.11428312348244,20.893007407278347,10402800086934,20.729355,0.030502798,19.638895,0.019203665,99.0,99.0,18.96235,0.035404194,0.571127
159,348.08419665107937,21.074993221932957,10402800101727,21.624823,0.06503794,20.445469,0.031653468,99.0,99.0,19.512777,0.02347371,0.170126
160,349.16616750432456,20.125741655552588,10402800057325,21.74599,0.08494264,21.012907,0.0922818,99.0,99.0,20.050617,0.07614698,0.837908
161,347.5439119592617,20.908510980434713,10402800088498,21.258427,0.07550749,19.672186,0.03326289,99.0,99.0,18.669292,0.022929182,0.517853
162,348.73393262782986,21.97943188512042,10402800082305,18.426903,0.012286938,17.08211,0.004918129,99.0,99.0,99.0,99.0,0.205631
163,349.1330424316016,21.57013559326002,10402800031931,22.499414,0.11620012,99.0,99.0,99.0,99.0,99.0,99.0,0.543559
164,348.7538238363814,21.512312547957734,10402800012416,19.107315,0.015928583,17.867088,0.007716302,99.0,99.0,17.060009,0.0075783753,0.201552
165,348.77129490281084,20.934921045454956,10402800102673,22.526106,0.12776153,20.733416,0.044815093,99.0,99.0,19.674898,0.033498887,0.537488
166,348.59963241382565,20.35438592266823,10402800052478,20.851667,0.0188521,20.492544,0.023704039,99.0,99.0,20.411737,0.03552673,0.268567
167,349.3894106195366,20.46403591627518,10402800020380,21.727331,0.06936391,20.381138,0.045052532,99.0,99.0,19.635778,0.045614325,0.446513
168,348.27960608639853,20.68732966209373,10402800090757,19.140606,0.019412685,18.052507,0.009314498,99.0,99.0,17.304045,0.008435738,0.285299
169,348.6700226937451,21.454097634994937,10402800084361,21.718876,0.098251194,20.10847,0.031926177,99.0,99.0,19.101784,0.026565064,0.527194
170,348.7795385445448,20.561047145013674,10402800050917,22.888208,0.14510597,20.63047,0.044306915,99.0,99.0,19.467978,0.027150916,0.5211
171,348.52404679609396,21.814972839681474,10402800082534,19.001654,0.01442263,17.728249,0.0064609717,99.0,99.0,99.0,99.0,0.203548
172,348.7990928112557,20.70816782049829,10402800091192,22.255629,0.10866135,20.371737,0.040087093,99.0,99.0,19.013556,0.032432873,0.610352
173,348.0711747865517,20.37980336851932,10402800045151,22.657377,0.12809621,20.996943,0.062857635,99.0,99.0,20.05284,0.045415238,0.523929
174,349.98146738221686,20.876872073915834,10402800003296,22.28607,0.10439135,20.479761,0.05939827,99.0,99.0,18.908964,0.03528386,0.616624
175,349.63928971550973,20.662762803765176,10402800034718,20.590155,0.016990772,20.310196,0.027632026,99.0,99.0,20.333487,0.054443195,1.64806
176,349.58463374737886,20.31317754437447,10402800037123,22.034227,0.083402805,19.663698,0.031188041,99.0,99.0,18.481192,0.025043247,0.519099
177,349.43347452988957,20.17145216798741,10402800005686,20.296534,0.01713409,18.644783,0.008871409,99.0,99.0,99.0,99.0,0.346288
178,348.3122070121453,20.976584114181676,10402800042283,22.039682,0.081205316,18.864025,0.017998733,99.0,99.0,17.995049,0.010983938,0.440157
179,348.850678737396,21.418916610035154,10402800013380,20.62644,0.045638386,19.013805,0.015623834,99.0,99.0,18.255003,0.0145081235,0.332978
180,348.6916753376687,21.3345185352468,10402800008311,19.6419,0.023312675,18.127926,0.010438865,99.0,99.0,99.0,99.0,0.279572
181,349.50530777900275,20.506213043617393,10402800108146,22.453516,0.0957913,21.10075,0.06543246,99.0,99.0,19.750948,0.040018175,0.781125
182,349.11283480435725,19.82312744564618,10402800006396,21.708733,0.08247795,20.400864,0.05018462,99.0,99.0,19.55021,0.05170082,0.520174
183,348.6773960464872,19.818795627802515,10402800059470,21.81896,0.07261161,19.81545,0.03224816,99.0,99.0,18.645227,0.026181431,0.520207
184,348.35687896825897,19.959693601308658,10402800057776,22.002758,0.084564105,20.691456,0.047937594,99.0,99.0,19.656569,0.040997133,0.541076
185,348.4592879162663,19.858684316340245,10402800095989,21.957985,0.07253255,20.125486,0.028634258,99.0,99.0,18.994152,0.018776068,0.523548
186,347.5462495073876,20.873519402495774,10402800088493,18.119585,0.009238229,17.027687,0.0061406107,99.0,99.0,16.379745,0.0054194853,0.167714
187,348.3765356766213,20.470588039646515,10402800045299,22.186651,0.08806992,20.436363,0.034436617,99.0,99.0,19.396889,0.023630412,0.512934
188,348.7078564818537,21.95093904421509,10402800096640,22.349277,0.15875073,19.923342,0.030068642,99.0,99.0,18.698988,0.021555077,0.506142
189,348.91228665893874,21.557544803590503,10402800062204,22.352945,0.12660919,20.719967,0.052754775,99.0,99.0,99.0,99.0,0.548116
190,349.09911622723837,21.487205520553502,10402800031968,22.238117,0.088925555,20.253412,0.03203815,99.0,99.0,19.2543,0.030212281,0.503068
191,348.53816995338616,21.683753414028104,10402800060944,19.738651,0.027609907,18.331495,0.012171274,99.0,99.0,99.0,99.0,0.28267
192,348.26762562195165,20.435901384649185,10402800092904,22.227045,0.11939997,20.379005,0.029124629,99.0,99.0,19.167625,0.02642737,0.517247
193,349.66686663949145,21.01760982561349,10402800043089,22.184954,0.085880965,19.983908,0.036071796,99.0,99.0,18.67764,0.020288989,0.598698
194,349.28451104397976,20.699091019683493,10402800049432,21.6901,0.07004807,19.994507,0.03330366,99.0,99.0,19.07917,0.029602535,0.417245
195,348.68401951088515,21.487680703580622,10402800061957,20.923977,0.048321176,19.226175,0.015433966,99.0,99.0,99.0,99.0,0.350657
196,348.2849643402072,20.215634855953695,10402800054296,22.07497,0.07304356,20.030767,0.02849379,99.0,99.0,19.011553,0.02083498,0.520748
197,348.2808570025476,20.608458440063515,10402800001469,22.212017,0.10235879,20.618093,0.047821343,99.0,99.0,19.547075,0.041985918,0.540101
198,349.419449904217,20.724605798246444,10402800074452,21.001501,0.051235594,18.748672,0.020989494,99.0,99.0,17.728683,0.019039182,0.420192
199,349.39644066776356,21.255685094147438,10402800085639,21.597902,0.06392976,20.019041,0.029882314,99.0,99.0,19.060566,0.028012842,0.612813
200,348.2342019638257,20.961717853479072,10402800015761,21.94144,0.07741283,19.781185,0.02653409,99.0,99.0,18.943472,0.02101123,0.409218
201,349.3906316961862,21.083113531271636,10402800010837,21.78941,0.07690773,19.69577,0.024235943,99.0,99.0,18.684797,0.02307954,0.450893
202,349.6353778411508,20.494369829148667,10402800036050,21.90083,0.07934932,19.997404,0.037748985,99.0,99.0,18.978842,0.024747584,0.535956
203,349.5045255789162,21.020466775034976,10402800046871,21.28474,0.03129023,21.201815,0.058612343,99.0,99.0,21.00788,0.078539096,0.0548086
204,348.6359229129781,19.72088494646556,10402800002768,21.86199,0.09744013,20.202396,0.033689205,99.0,99.0,19.079391,0.02369098,0.540266
205,348.6149913872676,21.343034557837086,10402800085140,19.595018,0.018703485,18.132397,0.0071585495,99.0,99.0,17.36702,0.0073904614,0.303079
206,349.0893207356216,19.780968082101992,10402800059878,21.723408,0.07516198,20.19811,0.04858838,99.0,99.0,19.451239,0.039851543,0.604081
207,347.72583250660404,20.69642416988451,10402800068487,22.044043,0.09971349,20.129572,0.042104952,99.0,99.0,19.00921,0.025709756,0.518308
208,348.7730327503852,20.610678167071597,10402800092158,22.184187,0.104595326,20.78067,0.051990792,99.0,99.0,19.742212,0.050083097,0.516841
209,348.18444279848745,21.17944674404326,10402800100666,18.243559,0.009167191,17.024857,0.0046320367,99.0,99.0,16.22473,0.0042809932,0.2151
210,349.52552424200655,20.730142189139343,10402800074597,19.79885,0.017694237,18.236519,0.01032293,99.0,99.0,17.547714,0.01024692,0.249695
211,348.8921125010038,20.182986715897272,10402800081378,22.638266,0.115282424,20.583513,0.051123478,99.0,99.0,19.033995,0.03316999,0.802498
212,348.50162302401725,20.376414803142637,10402800118384,21.595133,0.03187312,21.987707,0.060151253,99.0,99.0,22.319902,0.18373847,1.26221
213,349.02401281097985,21.269682770073217,10402800041527,22.125824,0.09628387,20.805254,0.048120487,99.0,99.0,19.613308,0.037858006,0.614816
214,348.769542171075,19.92023530887154,10402800058338,21.97915,0.08130553,20.200634,0.027278699,99.0,99.0,19.040771,0.027706452,0.577137
215,349.23532420705476,20.27989797019626,10402800055292,21.960354,0.08456635,20.142338,0.041129403,99.0,99.0,19.196213,0.03074771,0.522534
216,349.0468613331647,21.30908096342813,10402800009004,22.633059,0.108857125,20.502094,0.04336131,99.0,99.0,19.233128,0.028965348,0.656632
217,349.5387220623006,20.688292931948112,10402800074587,21.254265,0.051919773,19.485777,0.023813223,99.0,99.0,18.651005,0.022683647,0.384945
218,348.34247913113524,20.53604397080808,10402800027659,22.116913,0.09806319,20.322002,0.039846472,99.0,99.0,19.030422,0.020748232,0.515556
219,348.286806239786,20.76770871500061,10402800001042,21.143002,0.05076706,19.402159,0.016008703,99.0,99.0,18.544975,0.015552772,0.361269
220,348.95366453785,19.85646420342593,10402800058553,20.14875,0.018786326,18.559454,0.009710896,99.0,99.0,17.714413,0.009333454,0.276626
221,348.4752857866054,21.425015685179815,10402800084235,19.83147,0.021398073,18.323812,0.010130421,99.0,99.0,17.503752,0.009395801,0.28205
222,348.34185384695706,20.514331902731854,10402800027658,21.809277,0.061893106,19.736784,0.019040177,99.0,99.0,18.59275,0.014190563,0.515459
223,348.29316643503114,20.88432167169502,10402800102591,22.496895,0.111608505,20.179087,0.042241316,99.0,99.0,19.261784,0.026765643,0.520938
224,349.4155374184197,20.724636067468737,10402800049666,21.989979,0.100621305,20.034073,0.037376177,99.0,99.0,19.033796,0.030313363,0.419091
225,348.11046763274106,20.114066377892883,10402800002183,21.847082,0.0681107,20.041147,0.02600123,99.0,99.0,18.952667,0.021255532,0.519244
226,348.48432349944034,19.803097094858785,10402800031396,22.340044,0.07965893,20.328075,0.029043244,99.0,99.0,19.134933,0.022058925,0.520992
227,348.6945992175563,20.532874184848353,10402800050814,22.93033,0.12370204,21.019438,0.051808275,99.0,99.0,19.958393,0.032633107,0.515085
228,349.9199696011357,20.746533067586725,10402800079989,21.258245,0.064405166,19.277596,0.023202026,99.0,99.0,18.280935,0.017608408,0.420713
229,348.2632948650861,21.02094823016712,10402800041768,19.84828,0.017773813,18.338554,0.008152558,99.0,99.0,17.520538,0.006579633,0.283662
230,349.44125437673387,20.4919631196162,10402800035906,21.13955,0.047131468,19.25253,0.02118753,99.0,99.0,18.38662,0.02123035,0.420779
231,348.62349387119997,20.274681447697063,10402800054412,22.88437,0.1262513,21.641857,0.06498544,99.0,99.0,20.12979,0.053391207,0.586399
232,349.0410223869016,20.764141446839787,10402800049124,21.54286,0.064826585,19.905956,0.035730097,99.0,99.0,19.150072,0.03227091,0.280183
233,348.07991745948823,20.94280633654975,10402800015633,21.841408,0.09425381,20.656982,0.055443168,99.0,99.0,19.429157,0.038101498,0.54573
234,349.4145747211721,21.03416291175789,10402800033169,18.021284,0.006186214,16.73038,0.0043312456,99.0,99.0,16.062223,0.005034569,0.205874
235,349.41764286745473,20.8153564708619,10402800033906,22.043608,0.08869295,20.226353,0.04559769,99.0,99.0,19.158663,0.03455739,0.385156
236,349.66977179548087,20.309821131651432,10402800037258,20.883183,0.029355934,19.281244,0.017832553,99.0,99.0,18.56697,0.017054677,0.274606
237,349.4973588905719,20.685467620164687,10402800074536,21.994965,0.090731286,20.527344,0.054701738,99.0,99.0,19.398388,0.03909246,0.574322
238,347.9690543457278,20.804734936722056,10402800113943,17.121187,0.0024066332,16.289726,0.002318449,99.0,99.0,15.671369,0.0018667632,0.0734137
239,348.41706531076113,20.314457449538764,10402800118265,21.523664,0.059597515,19.853489,0.023611652,99.0,99.0,18.608704,0.018527186,0.522211
240,349.13319397874716,21.570283873423193,10402800098831,22.047338,0.09945583,20.598967,0.040536437,99.0,99.0,19.499117,0.037834663,0.543559
241,349.597694933434,20.647954060008246,10402800004057,22.623827,0.12559243,20.74093,0.06025932,99.0,99.0,99.0,99.0,0.512239
242,347.9285247992476,20.56528696048609,10402800026981,19.120493,0.007980174,17.758268,0.0043930225,99.0,99.0,17.055546,0.004099685,0.226308
243,349.17781146516364,21.589695858728774,10402800061371,22.689295,0.124583095,20.994247,0.05473524,99.0,99.0,20.065899,0.051275726,0.543164
244,349.3888490255706,21.081423677877723,10402800010836,20.755426,0.038260434,18.959438,0.013496877,99.0,99.0,18.095806,0.015153281,0.446642
245,348.31332164029664,21.516746798665295,10402800097744,21.585089,0.09700632,20.045551,0.03523715,99.0,99.0,18.88294,0.03075379,0.511178
246,348.98364106704685,19.787840136031534,10402800076573,21.759888,0.06619916,20.156866,0.03883052,99.0,99.0,18.992174,0.03393756,0.521331
247,349.91103432743193,20.9478246717252,10402800122725,20.844736,0.054571062,20.313168,0.061195914,99.0,99.0,19.53797,0.05551634,0.785157
248,349.7671461659717,20.933744572291985,10402800048473,22.01358,0.07635263,20.063683,0.037202884,99.0,99.0,19.021442,0.026860856,0.546182
249,348.5880005963191,20.568407879915895,10402800070615,21.20446,0.05746691,20.301237,0.033053722,99.0,99.0,19.340586,0.024947807,0.523999
250,349.7409936399303,21.013373443663227,10402800043148,17.32929,0.0028393366,16.383448,0.0026155529,99.0,99.0,15.7411585,0.0026510335,0.0892407
251,348.3669251050711,21.661610432558405,10402800006740,17.082201,0.004228295,99.0,99.0,99.0,99.0,99.0,99.0,0.0377703
252,349.0955547724502,21.419026308875672,10402800013591,19.511858,0.015541711,18.001179,0.0061266413,99.0,99.0,17.230398,0.0071667326,0.253104
253,349.3849952673173,20.62836372113496,10402800106418,21.820318,0.062284302,20.39855,0.045148764,99.0,99.0,19.50328,0.043212622,0.301285
254,349.1301050855896,19.85897588774648,10402800058914,21.641483,0.04560066,19.849838,0.028302124,99.0,99.0,19.021326,0.028748553,0.575375
255,348.5385202842902,21.194713709098465,10402800123427,19.964424,0.046898946,18.60943,0.014758504,99.0,99.0,17.817572,0.012585876,0.268973
256,347.56036933445097,20.685789664076438,10402800024831,21.86322,0.0805317,20.069523,0.02945233,99.0,99.0,18.941204,0.02154792,0.519155
257,349.27601438296256,20.366821389815158,10402800053495,22.083525,0.093449205,20.547611,0.045812253,99.0,99.0,19.42715,0.042110305,0.563306
258,348.7010107906027,20.531313863011036,10402800018924,21.847345,0.080497436,19.97227,0.03663816,99.0,99.0,18.99199,0.025221625,0.520207
259,349.24787328075917,21.510376195071345,10402800032043,21.397936,0.051909085,19.365528,0.019460507,99.0,99.0,18.727684,0.020715194,0.457341
260,349.54588951229863,20.90095921582403,10402800048104,22.053288,0.076538384,20.319527,0.037674632,99.0,99.0,19.290651,0.026261274,0.517983
261,347.7943900959771,20.993541719507206,10402800015430,21.452278,0.044977285,19.626774,0.017766995,99.0,99.0,18.780436,0.012633993,0.365136
262,349.35272024688203,20.090238302748375,10402800006183,22.571482,0.104210004,20.541162,0.03771564,99.0,99.0,99.0,99.0,0.597623
263,348.9205109383682,20.27829121611947,10402800128262,21.427952,0.059647482,20.152937,0.03700148,99.0,99.0,19.525097,0.048064854,0.667086
264,348.40625633262385,20.918340226936806,10402800067906,20.471807,0.03620593,19.017563,0.017199904,99.0,99.0,18.2889,0.013700921,0.344091
265,348.06711496209545,20.970640813639548,10402800088838,19.400143,0.01912745,18.004826,0.008982923,99.0,99.0,17.215313,0.007375199,0.283398
266,348.9344148525006,21.83362921494532,10402800011588,21.381578,0.08656638,19.708855,0.025020394,99.0,99.0,18.830229,0.023742648,0.459688
267,349.5051134469697,20.181223541683195,10402800055756,21.518044,0.06282706,19.535477,0.028724464,99.0,99.0,18.433327,0.024681496,0.520604
268,348.0755258845634,20.87335618366869,10402800000611,21.555838,0.058039322,19.9872,0.029865049,99.0,99.0,18.812567,0.019846871,0.515418
269,349.5110598723864,20.88407832218283,10402800073583,21.939404,0.09541009,20.199833,0.04338195,99.0,99.0,19.140621,0.034462567,0.520614
270,348.7376322084488,21.322291384233893,10402800008465,21.407393,0.07308163,20.027529,0.036951777,99.0,99.0,99.0,99.0,0.545886
271,348.76766849110123,19.5336014451305,10402800096496,19.943117,0.023130339,18.30886,0.0117576085,99.0,99.0,17.482708,0.011547745,0.290755
272,348.7683876677578,20.483033369541104,10402800052581,22.508244,0.10346257,21.02354,0.066558,99.0,99.0,19.994843,0.055131283,0.640032
273,349.3635305841969,20.193050792128858,10402800055558,21.749903,0.06813773,19.832851,0.03018904,99.0,99.0,18.77153,0.025014639,0.502604
274,348.75315199915514,20.670347153060533,10402800125619,18.684784,0.013815995,17.276018,0.0063868845,99.0,99.0,16.528074,0.008072975,0.282218
275,349.1361503647675,20.270719178049077,10402800109036,21.773937,0.079987645,20.630686,0.054847427,99.0,99.0,19.788897,0.04116751,0.655481
276,347.88806257263883,21.095729046115594,10402800015221,21.81758,0.046621338,21.02506,0.03777201,99.0,99.0,20.586637,0.06870342,0.41485
277,349.17526277540594,20.696291183874294,10402800049291,22.385918,0.09698222,20.472542,0.039655395,99.0,99.0,19.439722,0.03129635,0.480659
278,348.4674039965928,21.225247360282722,10402800085035,20.12012,0.024349444,18.568865,0.011101285,99.0,99.0,17.707878,0.009405008,0.291787
279,348.476136289354,20.019344659787052,10402800120053,20.496046,0.02198271,18.91445,0.009569165,99.0,99.0,18.090849,0.008686551,0.344246
280,349.2795839135629,20.326865938094798,10402800055378,21.803337,0.06850021,20.47976,0.049895383,99.0,99.0,19.489643,0.043689113,0.562484
281,348.7995886766646,19.797818665961742,10402800059617,22.268703,0.060521197,20.409729,0.03085749,99.0,99.0,19.31778,0.02883414,0.521998
282,348.8705120528085,21.144475756510076,10402800014783,22.055737,0.090403765,20.608921,0.03390848,99.0,99.0,19.522373,0.029658487,0.530974
283,348.26697941367115,21.014556919449007,10402800014593,22.388123,0.12041269,99.0,99.0,99.0,99.0,99.0,99.0,0.509875
284,349.1224201969356,21.151084659977116,10402800042098,22.067688,0.08868123,20.073011,0.032253504,99.0,99.0,18.967894,0.027953384,0.609214
285,348.57674747308107,20.526972786544775,10402800050691,22.455412,0.120785065,20.932043,0.05790019,99.0,99.0,20.228725,0.05736055,0.51712
286,348.19551251635363,21.092063359876477,10402800064330,22.137466,0.12136614,20.278318,0.033255003,99.0,99.0,19.293728,0.029229924,0.499215
287,348.68572245654724,21.355264999138797,10402800008410,21.891607,0.086715184,20.167448,0.0367008,99.0,99.0,18.93458,0.026140938,0.54199
288,348.8414822454318,21.724537416587907,10402800011944,19.632812,0.011750385,19.868763,0.022486921,99.0,99.0,20.184095,0.06849264,0.0548527
289,349.76790620171965,20.422767746776472,10402800005202,21.913736,0.09394947,19.870676,0.032615878,99.0,99.0,99.0,99.0,0.521415
290,349.01508239325466,20.86336229329784,10402800047427,21.1157,0.045088086,19.074232,0.020509735,99.0,99.0,17.987032,0.015375893,0.514217
291,349.6479916663428,20.780415536637534,10402800049886,20.247791,0.04010292,18.78386,0.019803045,99.0,99.0,18.072882,0.016474105,0.329439
292,347.68739156510094,20.462086305413024,10402800026626,22.178541,0.052239083,21.90535,0.07516041,99.0,99.0,21.83224,0.12400935,0.572004
293,348.2431522469725,20.24724215573032,10402800029945,22.065424,0.07728269,20.255398,0.032025043,99.0,99.0,19.148884,0.021778947,0.52038
294,347.9750058622786,20.86089160614324,10402800113893,17.00122,0.002563984,16.167175,0.0019177467,99.0,99.0,15.548954,0.001863445,0.0766009
295,348.98810060882664,20.96141926593488,10402800047378,21.064175,0.046537552,19.711458,0.031685784,99.0,99.0,19.019749,0.031458188,0.525193
296,348.74920388089527,20.34780065142442,10402800004669,22.848352,0.12416048,20.73664,0.046978638,99.0,99.0,19.334032,0.027515646,0.628599
297,348.3822601447267,20.92117421607685,10402800042309,22.373716,0.12356369,20.520428,0.042276967,99.0,99.0,19.146679,0.023986097,0.524472
298,348.30385730931664,20.347943803701597,10402800118066,21.691227,0.07337631,19.853323,0.033125997,99.0,99.0,18.865213,0.02361778,0.520003
299,349.3786146987587,21.37427749633366,10402800100461,21.894302,0.081707194,19.714962,0.033599354,99.0,99.0,18.904974,0.032362893,0.45306
300,348.39805143250305,20.266564246640854,10402800119303,22.460367,0.09378485,21.575766,0.08044289,99.0,99.0,20.449814,0.0614514,0.912094
301,349.3553634268062,20.867759865567265,10402800073425,18.094446,0.0060894648,16.87872,0.0042629456,99.0,99.0,16.205618,0.0051692184,0.187602
302,349.12161937664945,21.502507527365836,10402800007718,21.60305,0.07736062,20.151186,0.035115905,99.0,99.0,19.303295,0.034328803,0.543935
303,350.0582881166966,20.813144933723777,10402800122298,21.822214,0.073493905,19.821688,0.030599132,99.0,99.0,18.4625,0.01925099,0.544841
304,348.75715293990345,19.802014398673663,10402800111189,22.430243,0.117972724,20.357733,0.044804078,99.0,99.0,19.14011,0.031106586,0.576818
305,347.92766409042713,20.835487199125865,10402800088781,21.673601,0.06545088,20.241568,0.03570796,99.0,99.0,19.211288,0.027674086,0.627272
306,349.6463804245652,20.61961860512163,10402800034736,21.309006,0.06640126,19.477201,0.029706186,99.0,99.0,18.614367,0.025706204,0.515632
307,348.0337922668019,20.756330073211657,10402800090441,18.998236,0.011652879,17.492113,0.0053338613,99.0,99.0,99.0,99.0,0.281911
308,348.67582127886493,20.30224706596573,10402800029321,22.536291,0.10842653,20.708078,0.038610797,99.0,99.0,19.617193,0.029639581,0.520571
309,348.1016742608423,21.011132048269687,10402800101744,21.073309,0.057731163,19.73478,0.031339422,99.0,99.0,18.752405,0.01923134,0.53274
310,348.83053559789073,19.926321186785046,10402800058452,20.986387,0.050722547,18.994995,0.022745287,99.0,99.0,99.0,99.0,0.525229
311,348.6614727575311,20.56697060215717,10402800027968,22.212805,0.09868106,21.060081,0.06491955,99.0,99.0,99.0,99.0,0.585096
312,349.2775701685468,21.36418656741401,10402800085581,22.384476,0.11292326,20.84784,0.04198631,99.0,99.0,19.77278,0.035303194,0.692596
313,348.3336683102739,20.34062070448384,10402800045845,21.89988,0.081867576,20.07348,0.041185748,99.0,99.0,18.839518,0.02655806,0.623595
314,349.43250319508877,20.95414061231925,10402800079077,22.954874,0.13783894,21.487461,0.09216191,99.0,99.0,20.040846,0.051131647,0.736484
315,348.420619088556,20.12429084041851,10402800056114,21.57338,0.060012598,20.727552,0.039375093,99.0,99.0,19.413475,0.023824872,0.805311
316,347.5283074334067,20.632553730483465,10402800024796,19.636068,0.02039682,18.332428,0.010189508,99.0,99.0,17.6086,0.00879535,0.288543
317,348.15918383023217,21.022033384095465,10402800065573,22.032486,0.093239695,20.217419,0.040616553,99.0,99.0,19.083519,0.025078174,0.541912
318,348.5048879055831,20.75822509067318,10402800048713,19.916847,0.026517855,18.40834,0.012272259,99.0,99.0,17.586756,0.011631369,0.279088
319,348.50251937132873,20.498600787165756,10402800027777,22.267738,0.09342016,20.5316,0.041844893,99.0,99.0,99.0,99.0,0.52289
320,348.47350875029395,19.775985656360987,10402800059191,20.50186,0.04651248,18.976625,0.019003173,99.0,99.0,17.805191,0.015534726,0.424061
321,348.7490531618667,21.769849735965693,10402800082808,22.017635,0.09764693,20.42622,0.034400344,99.0,99.0,99.0,99.0,0.767084
322,348.06054116349657,21.029133095037665,10402800067113,22.035458,0.07856606,20.173407,0.030031268,99.0,99.0,18.959778,0.019684924,0.512262
323,349.0609902816207,20.463970855227686,10402800053061,22.929007,0.14014049,20.869259,0.05625463,99.0,99.0,19.573103,0.038687974,0.600155
324,348.593403168128,20.366686346277817,10402800029238,21.94145,0.078101926,20.044,0.03095681,99.0,99.0,18.830973,0.021110337,0.522771
325,348.4577947337613,21.331861667263937,10402800087287,18.926868,0.013605014,17.54202,0.0064511024,99.0,99.0,16.762001,0.006245043,0.270458
326,348.7516306352147,21.531158859823705,10402800012417,20.522419,0.06045288,19.217752,0.023845138,99.0,99.0,18.180225,0.016074557,0.34357
327,349.5504387491229,20.302655731761902,10402800037068,18.39878,0.006063618,17.259403,0.0044991393,99.0,99.0,16.54638,0.0048287828,0.144506
328,348.6923986754469,21.323956783481293,10402800008310,22.28788,0.09029665,20.50173,0.035141636,99.0,99.0,99.0,99.0,0.542532
329,349.0796783229629,21.3248934138644,10402800063870,21.233448,0.059031572,19.840658,0.026912814,99.0,99.0,99.0,99.0,0.519305
330,348.13921140674967,20.281045677541925,10402800017256,20.408508,0.03118744,18.669436,0.013554369,99.0,99.0,17.869606,0.011723991,0.404606
331,349.7051667947419,20.888204277804633,10402800073734,20.987154,0.035633113,19.128988,0.016579771,99.0,99.0,18.27061,0.016004633,0.384845
332,349.03050961089224,21.507384079310583,10402800012748,22.254837,0.11022229,20.208902,0.03364527,99.0,99.0,18.786486,0.02344955,0.559061
333,348.58166613032853,19.672788980434916,10402800039920,22.374786,0.11237402,20.491776,0.047151588,99.0,99.0,19.284859,0.029778726,0.592249
334,348.29386315477,20.672962350528053,10402800025997,19.525612,0.015858661,17.846266,0.007258152,99.0,99.0,17.115147,0.00633299,0.285614
335,348.5825808420638,21.747477916853768,10402800011641,21.781399,0.070030086,22.015577,0.09897856,99.0,99.0,21.39298,0.12371307,0.845211
336,349.5288850517399,20.376006879939453,10402800053812,21.715958,0.07604818,19.564365,0.028797548,99.0,99.0,18.440212,0.02388407,0.511122
337,349.0328867010826,21.294888160369496,10402800101359,21.495485,0.073416986,19.344034,0.020387553,99.0,99.0,18.254908,0.016736183,0.455272
338,348.7196976380789,20.90506533348986,10402800124755,21.951698,0.099201284,20.026854,0.035051152,99.0,99.0,18.747757,0.025241148,0.5383
339,349.5556067754165,20.912329584170763,10402800048127,22.312824,0.105688274,20.205215,0.03714855,99.0,99.0,19.100431,0.025217129,0.513111
340,349.5815132570222,20.335301930435378,10402800037116,22.395695,0.076040454,20.508877,0.04375013,99.0,99.0,19.253155,0.029292239,0.521459
341,347.9056832386153,21.122499985930446,10402800000188,21.790133,0.07828504,20.163599,0.037931465,99.0,99.0,19.182858,0.027785342,0.45099
342,349.58671512999695,20.419332024866407,10402800081147,19.74277,0.023166422,18.075298,0.011924529,99.0,99.0,99.0,99.0,0.313332
343,348.1602402095442,20.960612160006505,10402800067162,19.141466,0.010390889,17.843483,0.0055414406,99.0,99.0,17.061163,0.005462659,0.220415
344,348.74219456366853,20.55235751230414,10402800050889,19.983778,0.022391543,18.586256,0.01101085,99.0,99.0,17.779718,0.009488823,0.331185
345,348.80140494770825,20.34767464393586,10402800118771,21.505182,0.043889493,19.99256,0.02373538,99.0,99.0,19.075077,0.020923665,0.441275
346,349.8890824040669,20.69572148856122,10402800078058,21.31073,0.034743667,20.011648,0.028069308,99.0,99.0,18.839493,0.019934172,0.61724
347,349.4649931373728,20.74466411335598,10402800003991,21.851427,0.10412855,19.894932,0.03030747,99.0,99.0,99.0,99.0,0.421336
348,349.77722269868013,20.685946503972204,10402800050010,21.186838,0.048784766,19.234905,0.019456197,99.0,99.0,18.314865,0.01467487,0.420546
349,349.82754448036803,20.599779082506345,10402800052137,20.50373,0.014051745,19.981531,0.019669507,99.0,99.0,19.860746,0.03284355,0.347176
350,348.81646385091767,21.537809028154854,10402800012471,20.65349,0.05480569,18.818253,0.017038675,99.0,99.0,17.838297,0.013718447,0.344518
351,348.7638307915963,19.5221056799449,10402800031898,19.93092,0.023793086,18.412405,0.012490275,99.0,99.0,17.6236,0.012472743,0.287986
352,348.49121674357747,20.427418627545705,10402800019843,19.14659,0.011966571,17.83356,0.007909433,99.0,99.0,17.05008,0.005700184,0.23077
353,348.36301841152965,20.180502840267167,10402800046351,21.61157,0.057100564,19.984856,0.025920663,99.0,99.0,18.959188,0.022566134,0.47961
354,349.03254628156793,20.180374043578254,10402800110112,21.504686,0.058268134,20.489998,0.047203645,99.0,99.0,19.226982,0.03525891,0.727783
355,348.17450457585466,20.44038523358681,10402800092769,18.362108,0.0061306683,17.216467,0.003573188,99.0,99.0,16.553617,0.0039744833,0.220303
356,349.2910857325807,21.054196877373954,10402800078335,21.638903,0.06943123,19.960451,0.039343435,99.0,99.0,18.678474,0.019815406,0.575188
357,349.0715724209563,20.688977956416025,10402800074171,20.211536,0.024083454,18.63321,0.013611177,99.0,99.0,17.872284,0.013391475,0.322935
358,349.35449441901306,21.081131804346015,10402800010809,22.613926,0.111751676,20.297838,0.029586313,99.0,99.0,18.986164,0.024831008,0.575637
359,349.47238194626794,20.709426363343425,10402800106589,21.036982,0.049477987,19.099857,0.019837195,99.0,99.0,18.237825,0.017526044,0.412425
360,349.5352766764748,20.87929776792076,10402800048081,20.781717,0.036493696,19.150818,0.016213901,99.0,99.0,18.292717,0.016833685,0.385592
361,347.56156572166344,20.7847602068898,10402800089857,20.246933,0.03820795,19.207478,0.019179674,99.0,99.0,18.412409,0.01662081,0.365626
362,348.6227514801584,21.45201867580323,10402800099557,22.472105,0.13433562,20.604239,0.051769678,99.0,99.0,19.666113,0.04402084,0.678152
363,348.31562590472964,20.972683278993202,10402800102601,20.562273,0.044032685,19.244287,0.01780686,99.0,99.0,18.13246,0.01201006,0.439674
364,348.88528082617967,21.8804388766076,10402800082472,19.331223,0.018519292,18.042383,0.006944697,99.0,99.0,17.25597,0.0066576386,0.209467
365,349.44685713428356,21.176712114966662,10402800077015,21.548187,0.072632045,19.94647,0.031178294,99.0,99.0,19.125296,0.030287536,0.525086
366,348.2464461220004,21.4162437712734,10402800122790,19.439884,0.017185805,18.053562,0.009056624,99.0,99.0,17.349257,0.008804165,0.214878
367,348.94409096224547,20.934274114675148,10402800042370,17.594507,0.004089766,16.780325,0.0029804427,99.0,99.0,16.119629,0.0038343265,0.100611
368,349.24288863612395,20.36879721280056,10402800053448,22.925257,0.14603716,21.204275,0.07096089,99.0,99.0,19.884974,0.040630724,0.73042
369,348.70240512264905,20.323667338947942,10402800075458,22.538458,0.12088015,21.934528,0.11864456,99.0,99.0,99.0,99.0,0.887217
370,348.44752207416656,21.62682161864916,10402800098059,20.72528,0.049986538,19.197418,0.016550025,99.0,99.0,18.355404,0.015796607,0.344106
371,347.90691370005305,21.119177818882036,10402800000190,21.968527,0.08210772,19.889038,0.033207506,99.0,99.0,18.917027,0.02287727,0.522894
372,348.54151262738077,20.71380236054192,10402800026317,21.022575,0.049474716,19.36511,0.02034066,99.0,99.0,18.549374,0.015327432,0.344899
373,348.99153667903124,21.16247245110395,10402800086204,21.64717,0.05918638,21.476902,0.067893766,99.0,99.0,99.0,99.0,0.655388
374,348.7930609195377,20.570918981735545,10402800050928,22.84885,0.12726821,21.191328,0.054149874,99.0,99.0,19.693314,0.034675185,0.517598
375,349.84019103266513,20.63905570038868,10402800019665,22.897142,0.08089473,20.701927,0.040043235,99.0,99.0,19.433243,0.03023504,0.521414
376,348.14662325609834,20.721998823303906,10402800090652,21.794209,0.084121175,19.953264,0.034393735,99.0,99.0,18.92866,0.023330249,0.522954
377,348.64766543055015,19.83625592417802,10402800042488,22.906279,0.12749255,21.385618,0.08863349,99.0,99.0,19.984577,0.05518091,0.6748
378,349.41000512741203,20.55393862970736,10402800051610,22.075182,0.08329132,20.292814,0.04142609,99.0,99.0,19.23887,0.033172265,0.5132
379,349.0610927552374,21.50489620079655,10402800084605,21.76684,0.08014454,20.27512,0.030775953,99.0,99.0,19.122076,0.028392207,0.544666
380,349.0969595486848,19.920424919853218,10402800022148,19.776278,0.016798986,18.274334,0.009178275,99.0,99.0,17.571754,0.010468898,0.297259
381,349.7549344693612,20.59018634636675,10402800051993,20.153896,0.027521493,18.456644,0.0117994845,99.0,99.0,17.56802,0.011597327,0.325478
382,347.8604220569941,20.673272991609522,10402800090292,21.709784,0.07239011,20.561657,0.04589811,99.0,99.0,19.636482,0.033888478,0.66219
383,349.74598248078075,20.944305285041352,10402800048432,21.655468,0.056804094,19.781443,0.027339727,99.0,99.0,18.83835,0.022317693,0.45504
384,348.2733895532322,20.68893992485181,10402800001041,20.921822,0.0537623,19.509386,0.030177966,99.0,99.0,99.0,99.0,0.514064
385,348.15414246972625,21.3426687910016,10402800084882,21.73707,0.086494364,20.413658,0.050686985,99.0,99.0,19.372723,0.028550366,0.567138
386,347.81257429492376,21.053430349846934,10402800123642,22.479973,0.11814414,20.911232,0.046857443,99.0,99.0,19.648376,0.027632443,0.566896
387,349.1219268048267,21.48539078196933,10402800031977,21.780237,0.04253291,21.587961,0.049652226,99.0,99.0,22.153954,0.1720378,0.681495
388,348.3412231400378,20.69938368992716,10402800069058,22.548536,0.13112852,20.769926,0.05957487,99.0,99.0,19.798456,0.04732246,0.514153
389,349.3799516479826,20.08656545109406,10402800081948,21.558376,0.048391264,19.438148,0.018688252,99.0,99.0,99.0,99.0,0.387165
390,348.6880114838303,20.427278191322515,10402800029335,21.228983,0.043422423,19.461756,0.016984895,99.0,99.0,18.639278,0.014535059,0.366198
391,348.6578687698699,20.903964425251488,10402800011217,19.494015,0.019367563,17.826117,0.010316492,99.0,99.0,17.064257,0.0075177527,0.281745
392,349.8945599719679,20.551604744306786,10402800052246,22.31118,0.09365182,20.572338,0.0457236,99.0,99.0,19.654236,0.03953255,0.519465
393,348.7460757979053,20.63014208658393,10402800050894,21.884174,0.09166596,20.082659,0.033754017,99.0,99.0,19.15511,0.034095004,0.518653
394,348.18689677207584,20.506208378668816,10402800070206,19.710361,0.01714423,18.299084,0.007861085,99.0,99.0,17.443249,0.007174345,0.313165
395,348.4292651718868,19.891800780649035,10402800031359,21.781641,0.0681895,20.08207,0.02700365,99.0,99.0,18.984373,0.019467384,0.523796
396,349.94395215429904,20.65576474428724,10402800078089,22.498877,0.09036742,20.519161,0.05254594,99.0,99.0,19.322618,0.02445669,0.619117
397,348.09361114291767,21.01436926948935,10402800087988,21.951868,0.08071615,20.220055,0.037144776,99.0,99.0,19.194424,0.023944786,0.542914
398,347.62460004837055,20.605543249972712,10402800001211,17.408659,0.0068168095,16.279415,0.0038844133,99.0,99.0,15.752251,0.0033265024,0.0746206
399,347.61981077190126,20.860245065225428,10402800023811,21.57358,0.072394766,20.146437,0.03301756,99.0,99.0,19.13074,0.019960882,0.537411
400,347.91009777257165,20.904268327096517,10402800113794,21.569529,0.061215352,19.773827,0.026774185,99.0,99.0,18.907198,0.019953523,0.463192
401,349.6574194752937,20.784775806802045,10402800049902,20.899155,0.05784325,19.928715,0.04484223,99.0,99.0,19.39308,0.040468317,0.657863
402,348.30386948346495,19.940268716984093,10402800031224,21.101772,0.054452837,20.377018,0.03435009,99.0,99.0,19.461498,0.031022778,0.324969
403,348.3072906987906,20.731321474225027,10402800026030,21.99507,0.094305985,20.739546,0.05428039,99.0,99.0,19.807777,0.03252821,0.632882
404,348.2924794779211,20.519643544957432,10402800126355,21.978477,0.08067255,20.066729,0.030461669,99.0,99.0,18.98997,0.02186347,0.518164
405,349.1894705826477,20.85799683604337,10402800047655,21.425236,0.06810683,20.59048,0.06349086,99.0,99.0,19.794518,0.059146658,0.699137
406,349.0675242457475,21.47287702318532,10402800013570,21.659248,0.07698451,20.067032,0.028328458,99.0,99.0,19.080212,0.026312245,0.558196
407,348.90274391705833,20.799261207981587,10402800091365,22.257067,0.0987787,20.645891,0.043793984,99.0,99.0,19.634455,0.0411005,0.606157
408,347.69015539633665,20.686459995420464,10402800125060,22.114693,0.09500527,20.550388,0.034912806,99.0,99.0,19.271418,0.03390091,0.517426
409,348.28759242155,21.5958426612205,10402800097711,21.932081,0.09060044,21.12829,0.06159512,99.0,99.0,20.417519,0.06558676,0.712469
410,347.7055635091129,20.481109573126133,10402800069620,21.48014,0.07465766,20.429016,0.044906817,99.0,99.0,19.350557,0.032562267,0.681369
411,348.97447934878505,19.72362668124279,10402800031598,21.702084,0.06791786,20.059622,0.040761966,99.0,99.0,19.595087,0.043642245,0.439295
412,348.7071151405452,21.197834404609253,10402800010296,22.241705,0.085414745,19.944462,0.026645789,99.0,99.0,18.786736,0.020725053,0.523941
413,348.23783418172616,20.763197400919054,10402800025822,20.583757,0.033497766,18.837168,0.013535569,99.0,99.0,18.030727,0.011176941,0.344037
414,348.75799837551074,19.797238783389517,10402800059569,21.317019,0.05479864,19.724789,0.029358404,99.0,99.0,18.756577,0.02142549,0.530106
415,348.0854326618875,20.554569380398405,10402800126237,20.695087,0.035356198,18.964518,0.01514727,99.0,99.0,18.149271,0.013297669,0.343672
416,349.2807867817088,21.02382424495255,10402800072730,22.127508,0.09146431,20.519794,0.043243535,99.0,99.0,19.443964,0.03745797,0.600477
417,348.69682595003246,20.79973179278585,10402800091015,21.27442,0.06694765,19.91452,0.038320467,99.0,99.0,18.88295,0.02495587,0.639515
418,349.4650547530382,20.831824991581527,10402800073517,21.870707,0.087110095,20.145603,0.038386524,99.0,99.0,18.942953,0.026563462,0.520603
419,348.24906807403454,20.39411173910267,10402800117937,21.669071,0.067818694,20.152874,0.03335195,99.0,99.0,18.981928,0.02303385,0.521343
420,349.56609032311206,20.58193525773015,10402800004491,21.488821,0.08152715,19.798866,0.04198146,99.0,99.0,99.0,99.0,0.570094
421,347.83072746417946,20.371906051786553,10402800117376,22.128607,0.08858556,20.342083,0.0395403,99.0,99.0,19.185421,0.023871694,0.534397
422,348.40667083465365,21.57368744789794,10402800040577,20.527422,0.037150193,18.971945,0.014388446,99.0,99.0,18.1086,0.01349071,0.282273
423,348.8737643554813,21.33327411393826,10402800063619,22.247744,0.10788633,20.537474,0.046845194,99.0,99.0,99.0,99.0,0.676357
424,348.5612150787706,20.346260545085187,10402800029215,23.022823,0.14702293,20.42661,0.038482327,99.0,99.0,19.14348,0.022892704,0.481076
425,348.3082577049273,20.681055999436936,10402800090792,22.520708,0.12698627,20.340754,0.033958107,99.0,99.0,19.253656,0.023117218,0.514708
426,348.6722784499431,20.84259996595408,10402800000714,19.90157,0.018005412,18.417175,0.007352105,99.0,99.0,17.650202,0.0061071515,0.288455
427,347.8406763776033,20.334939071944945,10402800028230,22.697325,0.11845129,21.542519,0.087091945,99.0,99.0,19.810173,0.031046018,0.915384
428,348.75691920813637,20.56039083225096,10402800028026,22.323168,0.09773307,20.224672,0.030325893,99.0,99.0,18.924603,0.018963726,0.518705
429,348.2738387090943,21.158509774933748,10402800009889,21.899294,0.08816928,20.169434,0.03292518,99.0,99.0,19.049768,0.020866338,0.505952
430,348.52199440760285,19.903326263800324,10402800002776,20.927334,0.05388487,19.07515,0.024863336,99.0,99.0,99.0,99.0,0.522605
431,348.0134314510277,21.33619788786652,10402800022810,21.935362,0.06267187,20.05621,0.026214525,99.0,99.0,18.998034,0.0147434035,0.568707
432,349.716494746846,20.641571843277205,10402800019529,21.573261,0.073150426,20.148455,0.037711814,99.0,99.0,19.173061,0.029539447,0.420009
433,349.4203553293308,21.13247374121906,10402800010863,20.823856,0.043732733,19.097153,0.016785491,99.0,99.0,18.528778,0.01966076,0.417391
434,349.0422805090965,21.548452713883833,10402800062393,21.715637,0.08122779,20.017082,0.023982877,99.0,99.0,18.705423,0.018496208,0.549458
435,347.7845088550317,20.36849559123104,10402800092407,22.554682,0.08671746,20.581678,0.038447067,99.0,99.0,19.437065,0.032618724,0.569863
436,348.6582068680695,20.175945616548802,10402800119640,21.610758,0.062119123,19.679628,0.02593662,99.0,99.0,18.5477,0.01635396,0.521498
437,349.3263568761812,20.039920613558124,10402800081898,18.132414,0.0067393244,17.172436,0.0053163986,99.0,99.0,16.577589,0.006656613,0.172256
438,349.0414302054368,20.401246932519868,10402800053008,19.32567,0.013987186,17.781559,0.0072573363,99.0,99.0,17.043709,0.008972692,0.293774
439,347.8021000259191,21.063722931230245,10402800000118,21.244934,0.071645625,19.859943,0.037228893,99.0,99.0,19.342422,0.03493005,0.515326
440,348.6274020688478,19.921580874607614,10402800002590,22.508905,0.09805207,20.533773,0.032910574,99.0,99.0,19.344015,0.027810806,0.521625
441,348.5230684601614,20.43449348076662,10402800093150,22.116781,0.09043005,20.73759,0.047599453,99.0,99.0,19.303013,0.032138895,0.62361
442,349.3045292562266,20.30463616470007,10402800109319,22.609442,0.085686065,20.60805,0.04452568,99.0,99.0,19.511387,0.03468525,0.521017
443,348.7957855460181,19.931425126825346,10402800002689,21.395947,0.04860971,20.564573,0.039287064,99.0,99.0,19.687632,0.03836074,0.666752
444,348.45116800672076,19.82258810330272,10402800059158,20.684084,0.04130597,19.064814,0.02352886,99.0,99.0,17.943583,0.015890487,0.521065
445,348.50210761624993,20.443278044728302,10402800017074,20.032097,0.030728646,18.51103,0.014255306,99.0,99.0,99.0,99.0,0.48049
446,348.17583692670325,21.297378597318954,10402800112008,18.979675,0.015022767,18.061142,0.00892129,99.0,99.0,17.26886,0.0075887153,0.166047
447,348.9668929133686,21.165978523755456,10402800086180,21.780437,0.0785341,20.085058,0.030415058,99.0,99.0,99.0,99.0,0.515003
448,348.1144630334737,20.44824565632176,10402800092708,22.553902,0.13030298,20.889593,0.04555216,99.0,99.0,19.608793,0.03509482,0.640318
449,348.9829172637512,20.364318373087883,10402800080804,22.270977,0.08306986,20.343891,0.035396904,99.0,99.0,18.782267,0.024302173,0.647283
450,349.2114690134095,21.02771384586231,10402800042200,22.590368,0.11048696,20.623299,0.04151224,99.0,99.0,19.733513,0.04157434,0.567788
451,349.26799169004676,20.936216425220323,10402800078953,22.115507,0.08502983,19.871685,0.025830712,99.0,99.0,99.0,99.0,0.515012
452,348.67710912631196,21.459010597378366,10402800013202,22.315662,0.14298418,99.0,99.0,99.0,99.0,99.0,99.0,0.457755
453,348.67918467513203,20.507678557600244,10402800107297,21.522524,0.057401128,19.857582,0.02548964,99.0,99.0,18.923271,0.02254399,0.604155
454,349.6473048839035,21.07792787204062,10402800047042,22.052795,0.08212797,20.193531,0.028550629,99.0,99.0,19.201921,0.021204805,0.503576
455,349.1029546116665,20.3480814662219,10402800053135,21.596958,0.071535066,19.968098,0.02540872,99.0,99.0,18.944809,0.022728868,0.495147
456,348.9150986685243,20.64036252224875,10402800092260,20.157148,0.024066726,18.567669,0.010046859,99.0,99.0,17.759201,0.012275439,0.300434
457,347.71320834000915,20.55715206836622,10402800026668,20.192692,0.028081141,18.495987,0.010810872,99.0,99.0,17.571432,0.0088660475,0.366516
458,348.98885033281755,21.394745915289747,10402800084550,18.949999,0.015488384,17.486948,0.006823317,99.0,99.0,16.842117,0.0068863523,0.233534
459,348.2857492261707,20.563062664470948,10402800116704,20.629112,0.046524577,19.172333,0.021316785,99.0,99.0,18.069191,0.015365183,0.511991
460,349.28688044611556,20.207393647981448,10402800055393,22.92081,0.12756245,20.536644,0.05188253,99.0,99.0,19.04132,0.033424318,0.648238
461,348.2250468692651,20.69616931251184,10402800090728,20.638351,0.03315666,18.994993,0.0142145865,99.0,99.0,18.228289,0.012174215,0.332493
462,348.4482387675281,20.06477437578144,10402800030875,21.249624,0.04220293,19.386547,0.01855842,99.0,99.0,18.427956,0.015234511,0.422074
463,349.22957672703495,21.207832661560843,10402800014392,20.4058,0.022107892,19.820303,0.024822582,99.0,99.0,19.877974,0.054199412,0.173714
464,349.29392489415574,20.111266932445375,10402800057522,22.28379,0.09033465,20.794615,0.05013008,99.0,99.0,19.594114,0.03891718,0.575239
465,348.7538246063776,21.50442739918185,10402800012418,18.950954,0.013923595,17.633064,0.005671706,99.0,99.0,16.842241,0.0054305173,0.200293
466,349.4227309833184,20.519764050545447,10402800051616,20.388773,0.025666904,18.763796,0.014541407,99.0,99.0,18.000298,0.014891307,0.311943
467,349.01188502942733,21.605988847272158,10402800012721,21.23992,0.06284745,19.803783,0.02673746,99.0,99.0,18.95335,0.02532715,0.549093
468,349.6665355319175,21.064901959797794,10402800043090,22.268614,0.07987654,20.39759,0.037966438,99.0,99.0,19.230022,0.02600614,0.5254
469,348.7025454530347,20.323837032962373,10402800020864,22.47974,0.088803425,99.0,99.0,99.0,99.0,99.0,99.0,0.887217
470,348.6149741704695,19.87102479756497,10402800002823,21.572556,0.07059517,99.0,99.0,99.0,99.0,99.0,99.0,0.580966
471,348.89299557476085,19.73029051647714,10402800060291,17.833801,0.0052367244,16.89394,0.0042891796,99.0,99.0,16.274149,0.0042377007,0.100194
472,348.44899696010594,19.832108418729234,10402800059160,21.680605,0.065873705,20.033737,0.031853214,99.0,99.0,18.986807,0.021669466,0.516935
473,348.8046133922987,20.87165558066998,10402800104311,20.070694,0.031991664,18.782614,0.017279146,99.0,99.0,18.085405,0.019766029,0.315434
474,348.3716990066783,20.436704317566182,10402800093037,21.84943,0.07672163,20.196466,0.032134145,99.0,99.0,18.98166,0.026970422,0.518842
475,349.7083471602841,20.688272089761483,10402800049959,21.439247,0.06724223,19.917929,0.032546207,99.0,99.0,18.885927,0.02761533,0.423776
476,347.6367499876019,20.79596846952981,10402800089897,22.437654,0.10692552,20.505838,0.03971629,99.0,99.0,19.597647,0.02896744,0.520249
477,348.03018924134227,20.783514684826585,10402800044260,20.005604,0.018829977,18.555817,0.008809149,99.0,99.0,17.723146,0.0092746755,0.283991
478,348.8970714534568,21.62671685997924,10402800012554,21.24666,0.07219634,19.990168,0.031603117,99.0,99.0,19.296364,0.032980107,0.470837
479,349.308872780869,20.438765683721186,10402800035777,22.213154,0.084064096,20.1186,0.039834935,99.0,99.0,19.09845,0.03224747,0.505439
480,348.90395931398075,20.45531240829291,10402800093462,23.024048,0.14010854,21.041733,0.06272702,99.0,99.0,19.671696,0.045328405,0.71971
481,347.6826508948621,20.961969559133365,10402800000346,21.261456,0.0713513,20.039959,0.034064997,99.0,99.0,19.285826,0.025436273,0.25253
482,348.9360346072216,21.790399258682413,10402800097424,20.633995,0.041226726,19.188585,0.013162949,99.0,99.0,18.289293,0.012857434,0.308337
483,348.218740235218,21.081933661817047,10402800041765,18.847273,0.011035721,17.556,0.005496868,99.0,99.0,16.866331,0.0048759454,0.217652
484,348.3796823367509,21.43194611373282,10402800061572,19.668575,0.021484073,18.207024,0.00995371,99.0,99.0,17.394547,0.00908605,0.291671
485,349.6870933742538,20.577134911389706,10402800019508,19.039228,0.013700409,17.726486,0.008315993,99.0,99.0,99.0,99.0,0.239702
486,348.3904341397746,20.221884472619436,10402800054342,21.365429,0.050989356,19.833866,0.026146619,99.0,99.0,18.87394,0.022154767,0.520632
487,349.3791390677058,21.426585176964778,10402800041360,21.735382,0.06485228,19.951487,0.021367034,99.0,99.0,18.976973,0.021956604,0.474951
488,349.5523809402143,20.55750266806598,10402800019419,20.921911,0.048020624,19.249222,0.023555532,99.0,99.0,18.427212,0.020434514,0.395381
489,349.1182270447083,21.503598393126694,10402800007665,22.214855,0.106720395,20.16434,0.033209275,99.0,99.0,18.962053,0.026750831,0.535718
490,348.3346865842631,20.34890518647269,10402800001676,20.335667,0.024727535,18.779966,0.011228321,99.0,99.0,17.968904,0.009618389,0.340291
491,349.28798017364517,20.743739592889014,10402800049441,21.09467,0.051837295,21.126928,0.059528477,99.0,99.0,20.788553,0.07193661,0.453023
492,349.9528680705668,20.840738231879598,10402800073877,22.0615,0.08849857,20.126642,0.0410015,99.0,99.0,18.60193,0.021255972,0.656747
493,348.6015543666241,21.108054124431945,10402800010115,19.225533,0.01682319,17.801033,0.0077679483,99.0,99.0,17.016602,0.007377995,0.252499
494,348.8288527600511,21.52957662730398,10402800012563,19.865816,0.041543063,19.084549,0.02271547,99.0,99.0,18.200552,0.017229436,0.308338
495,348.92033205930863,20.278334098073955,10402800002144,22.163914,0.094362795,99.0,99.0,99.0,99.0,99.0,99.0,0.667086
496,348.41104289512714,20.385373033270255,10402800029036,22.622345,0.10940254,20.619051,0.042234283,99.0,99.0,19.236448,0.022015149,0.624724
497,349.19114193131287,20.879886476310418,10402800047656,21.871655,0.054643184,20.053349,0.0301055,99.0,99.0,19.070639,0.025712784,0.523779
498,348.5655300747656,21.223788272496932,10402800008230,21.337317,0.06785292,19.682133,0.03282844,99.0,99.0,18.915852,0.029669032,0.282414
499,349.1428986305632,21.39509151156821,10402800013648,22.317896,0.10589444,20.43972,0.03979754,99.0,99.0,19.381813,0.031202042,0.55896
500,347.95276464870244,21.08217543119268,10402800112668,21.51957,0.07727452,20.25615,0.03404966,99.0,99.0,19.366297,0.024549823,0.522988
501,349.1580454887052,20.80125972424355,10402800073169,21.822714,0.060888115,20.104425,0.032357108,99.0,99.0,19.16538,0.030192804,0.480659
502,349.08948175923797,21.118378523625992,10402800046821,21.294828,0.04244014,20.103716,0.022937046,99.0,99.0,18.95236,0.021249536,0.613929
503,349.7494285035844,20.792124287988585,10402800050027,21.26689,0.05174817,19.487522,0.023102622,99.0,99.0,18.536192,0.018804828,0.419744
504,348.5595973138914,21.258234663074404,10402800008217,19.081211,0.018493552,18.181509,0.010214386,99.0,99.0,17.383053,0.007852247,0.198614
505,348.00508740622735,20.463937875801975,10402800027099,19.637592,0.011029806,18.243147,0.005626791,99.0,99.0,17.457785,0.0046767956,0.2824
506,348.5127635471362,21.480867736097125,10402800013112,21.666943,0.09046927,19.806923,0.024526112,99.0,99.0,18.763733,0.020927437,0.461263
507,348.76971135463555,19.50940736491566,10402800060392,21.757637,0.080402136,20.073141,0.034928493,99.0,99.0,19.02837,0.02850668,0.505743
508,348.9998380428521,21.112730999524615,10402800046727,17.570644,0.004591475,16.542131,0.0026637975,99.0,99.0,15.901786,0.0030414832,0.143612
509,349.8122378893978,20.733383001188813,10402800077721,21.289164,0.056603603,20.012527,0.0364897,99.0,99.0,19.155556,0.025266854,0.421068
510,349.0768425491065,21.044717966243383,10402800014917,20.826225,0.032176163,19.184448,0.01603344,99.0,99.0,99.0,99.0,0.348315
511,349.0788648354074,20.783329551496493,10402800049199,19.908997,0.022649962,18.38399,0.011865981,99.0,99.0,17.586172,0.012264027,0.309851
512,348.3371265255926,20.46666594177357,10402800045273,22.213509,0.06990785,20.239626,0.02905653,99.0,99.0,19.16848,0.021077288,0.517877
513,349.11475426504444,21.424373125284916,10402800013618,21.26147,0.061918568,19.589708,0.024145035,99.0,99.0,18.79324,0.022983098,0.456646
514,348.951323277751,21.38383640781349,10402800013468,22.67635,0.14332712,20.465607,0.04897309,99.0,99.0,19.161589,0.030759627,0.557686
515,348.4563377398932,21.585943551321847,10402800040626,18.272055,0.007443246,17.219398,0.0037084168,99.0,99.0,16.484915,0.0038827483,0.143277
516,348.55335713982026,20.104273574266145,10402800002290,20.39073,0.032555662,18.665945,0.013567031,99.0,99.0,17.770475,0.016938102,0.422849
517,348.9281372229687,20.252863765677247,10402800081400,21.14017,0.056730166,19.761246,0.027334461,99.0,99.0,18.779411,0.022951685,0.531878
518,349.2489458175195,21.299385374877076,10402800085570,22.76017,0.12526882,21.113823,0.0493824,99.0,99.0,20.111572,0.055817083,0.624877
519,348.0827694155577,20.600233006091457,10402800027285,21.899801,0.06919346,20.216093,0.029170707,99.0,99.0,19.280605,0.02500324,0.53932
520,349.4570188234205,20.466779100118558,10402800020434,20.191378,0.01800761,18.391794,0.01104975,99.0,99.0,17.584759,0.012095769,0.42223
521,349.7281711689159,20.50577271814535,10402800036157,22.021173,0.08227779,20.267231,0.03542877,99.0,99.0,19.09279,0.026605722,0.519995
522,349.59215824560033,20.768731829124377,10402800079816,22.388268,0.114479646,20.42599,0.05286184,99.0,99.0,18.988892,0.026365107,0.619071
523,349.2997587083613,20.69323952684759,10402800049452,20.64598,0.045371953,18.72143,0.021750746,99.0,99.0,17.927052,0.020221267,0.422237
524,349.27866661339004,20.725221700908378,10402800049422,22.393938,0.10903336,20.374123,0.050647683,99.0,99.0,19.356653,0.037806403,0.566483
525,348.57294790107073,19.6919350624688,10402800042661,22.347748,0.11236581,20.102993,0.03279601,99.0,99.0,19.009914,0.025152178,0.540652
526,349.0746435555086,20.658624777850164,10402800079517,21.808022,0.08257667,20.02228,0.037970323,99.0,99.0,18.816854,0.029351577,0.558826
527,349.4658712827538,20.753503507990956,10402800003992,21.575308,0.09225324,19.931837,0.04209759,99.0,99.0,99.0,99.0,0.421265
528,349.52652327089504,20.45371807377215,10402800053808,22.454542,0.09774222,20.249168,0.037842005,99.0,99.0,19.19945,0.030750124,0.511984
529,348.58524466295665,19.627410186956993,10402800039924,21.203842,0.06735188,20.31619,0.036513805,99.0,99.0,19.050406,0.026363114,0.627949
530,349.1819603956375,21.18012698551847,10402800010665,22.07478,0.08872169,99.0,99.0,99.0,99.0,99.0,99.0,0.608829
531,350.1017201735927,20.770755235363993,10402800122759,22.58713,0.12147167,20.499567,0.039647114,99.0,99.0,19.397928,0.025800042,0.524246
532,348.99307524145433,20.99865694224006,10402800032866,22.628202,0.12644023,20.791346,0.06453768,99.0,99.0,19.307611,0.042639256,0.617207
533,349.0374373294662,20.14992886949011,10402800037856,22.148787,0.08947445,20.410704,0.039710365,99.0,99.0,19.295824,0.035217598,0.590853
534,348.1375521838008,20.718010509737013,10402800068872,22.217096,0.09383954,20.433945,0.037678365,99.0,99.0,19.184664,0.02439986,0.516299
535,348.85188419474093,19.77595670646072,10402800060297,22.562714,0.12220014,20.611294,0.05829059,99.0,99.0,19.534458,0.046139482,0.594465
536,348.5665687440094,21.221548541952473,10402800123458,20.25483,0.034544524,18.436487,0.013519122,99.0,99.0,17.512426,0.010672472,0.282054
537,348.1857770644368,20.324873737541935,10402800028748,21.361254,0.062506266,19.983278,0.033634946,99.0,99.0,18.927052,0.020564018,0.52296
538,349.1364189972855,20.800534029109684,10402800104612,22.379194,0.093494006,99.0,99.0,99.0,99.0,19.276453,0.0355082,0.532058
539,348.61473482919666,20.512717542416368,10402800091975,20.649422,0.03146456,19.802843,0.026335692,99.0,99.0,19.382761,0.04613155,0.627131
540,348.66689263112585,20.537721783893033,10402800050761,21.816664,0.075539514,20.214632,0.031831436,99.0,99.0,19.14671,0.021751544,0.512903
541,348.614984837243,19.87082704598187,10402800058064,21.886824,0.076642506,19.700172,0.029182976,99.0,99.0,18.948832,0.03135551,0.580966
542,348.6483685473168,21.728204120479987,10402800006576,22.731054,0.14511049,20.560768,0.04931839,99.0,99.0,18.84197,0.028471606,0.644411
543,348.7895774223019,21.37897343545758,10402800013315,21.763243,0.08777597,20.463863,0.037057463,99.0,99.0,19.450167,0.027727349,0.282288
544,348.5831383535583,20.85889465089143,10402800068064,21.697023,0.067018986,20.86858,0.045470215,99.0,99.0,20.358173,0.047770984,0.303446
545,348.21863231572263,21.022909088153725,10402800041756,19.702929,0.017434979,18.206898,0.009377183,99.0,99.0,17.472622,0.0074383486,0.365951
546,349.801265626004,20.898410512241057,10402800048538,20.072144,0.02309739,18.399036,0.0122867115,99.0,99.0,17.626205,0.010247243,0.353542
547,348.8962920066639,20.130217772146352,10402800056842,22.332058,0.090770066,20.32928,0.029792488,99.0,99.0,19.075933,0.028976515,0.567346
548,348.47843529646826,19.863939273943032,10402800057918,21.067327,0.05232164,19.563118,0.030147186,99.0,99.0,18.472181,0.019479694,0.519473
549,349.18780110713107,21.32618320272593,10402800063992,20.506273,0.028713644,18.883314,0.01101435,99.0,99.0,99.0,99.0,0.314492
550,350.0048411427224,20.856907979093762,10402800079400,22.839132,0.117081285,20.627039,0.057452075,99.0,99.0,19.157928,0.02901325,0.61407
551,348.6702444576445,21.45424499730177,10402800013200,22.011803,0.11843216,99.0,99.0,99.0,99.0,99.0,99.0,0.527194
552,349.0518036106146,19.868168097806873,10402800111437,21.62974,0.07201728,20.304876,0.04608521,99.0,99.0,19.44611,0.044522263,0.608303
553,348.4645692799103,21.47858831541643,10402800099329,22.115126,0.10587797,20.203156,0.035286985,99.0,99.0,19.10484,0.027465519,0.522327
554,349.14891069680635,21.316715634316083,10402800009196,22.141724,0.089779824,20.771833,0.03738806,99.0,99.0,19.62537,0.040506747,0.615367
555,348.63731683268264,19.914330280218792,10402800039197,22.032173,0.06728761,20.246735,0.025133211,99.0,99.0,19.231693,0.025018888,0.521262
556,348.4020655761986,20.11013739967197,10402800002248,21.815706,0.0816725,20.30352,0.029945157,99.0,99.0,19.188282,0.026991444,0.522004
557,348.8974116574821,20.516074789374613,10402800019059,20.789669,0.03213689,18.783733,0.014118033,99.0,99.0,17.8394,0.014513789,0.395907
558,349.684688550114,20.46809368723747,10402800054055,18.537813,0.007911571,17.22125,0.005397032,99.0,99.0,16.531397,0.0059889895,0.205261
559,349.25316455760776,21.057330849807016,10402800078299,20.892487,0.04374937,19.417318,0.017059531,99.0,99.0,18.445637,0.017369937,0.337229
560,348.7019099393736,20.21174707895156,10402800109879,22.221018,0.083906114,20.381144,0.031733736,99.0,99.0,19.16863,0.029385375,0.518482
561,347.87493475947264,20.821119346232962,10402800016054,22.05292,0.08319144,20.321545,0.036429916,99.0,99.0,18.976723,0.018861989,0.605569
562,348.84414094316253,20.355712653742685,10402800127540,21.83205,0.0767312,19.91975,0.028658072,99.0,99.0,18.999456,0.031138876,0.527129
563,349.77896399307633,21.042224222738582,10402800043211,21.52517,0.055692907,19.65749,0.028967107,99.0,99.0,18.6034,0.020862672,0.521313
564,349.205539181636,20.14973171227585,10402800038073,21.465017,0.06382748,20.909174,0.062659204,99.0,99.0,20.192385,0.057397526,0.658785
565,349.56196883878374,20.944492404602258,10402800048234,22.355019,0.09407414,20.576895,0.040619306,99.0,99.0,19.30771,0.025371293,0.533104
566,348.26808252908853,21.460744745772445,10402800084106,21.096968,0.06798595,20.07627,0.037861045,99.0,99.0,19.177826,0.03150657,0.502012
567,348.65411606590817,21.34701485606091,10402800008360,22.40118,0.12401179,20.32025,0.03506855,99.0,99.0,19.032173,0.027673988,0.545088
568,349.8083061987053,20.519407520756687,10402800004626,21.34028,0.05377376,99.0,99.0,99.0,99.0,99.0,99.0,0.596209
569,349.68107309697587,20.535223673492055,10402800051870,21.243675,0.049143437,19.35928,0.026334543,99.0,99.0,18.54141,0.024641283,0.456686
570,348.96297160520754,19.88236407593577,10402800058546,22.59587,0.11581412,19.95054,0.0387203,99.0,99.0,99.0,99.0,0.611313
571,349.3804121632667,21.37497441803363,10402800100462,21.007313,0.05097518,19.019234,0.018398996,99.0,99.0,18.243938,0.015501056,0.451508
572,349.06642649094977,20.11779119136021,10402800057216,21.153435,0.050937418,19.409294,0.024741065,99.0,99.0,18.675713,0.022491612,0.489395
573,349.38298076956715,20.766591638559092,10402800049605,20.997904,0.045872144,19.109282,0.021537626,99.0,99.0,18.595207,0.019240431,0.379894
574,348.5566727295783,20.10278077124329,10402800094741,22.74204,0.10815828,20.643959,0.03915364,99.0,99.0,19.265911,0.020889707,0.66917
575,349.58453928501075,20.37712637361919,10402800053884,22.44694,0.095268264,20.460335,0.03561834,99.0,99.0,19.224424,0.025670676,0.521548
576,349.8715657244578,20.81537442664343,10402800050167,21.391254,0.05545973,19.611359,0.026123594,99.0,99.0,18.766346,0.023868652,0.419745
577,349.385505877339,20.488198110975944,10402800080333,22.258694,0.097155795,20.354311,0.043650966,99.0,99.0,19.315493,0.034375437,0.51207
578,348.9516505051179,21.5237198991764,10402800007585,21.797901,0.09904583,20.008604,0.034668617,99.0,99.0,18.778313,0.026770452,0.547406
579,349.26598349666295,20.685333958735683,10402800079637,22.438852,0.12086544,20.24602,0.04921518,99.0,99.0,99.0,99.0,0.532677
580,349.28340144428256,20.839065786586417,10402800073287,21.931171,0.07667794,20.223366,0.035005722,99.0,99.0,19.070045,0.02517419,0.560163
581,349.62246076000724,20.520340191702275,10402800051809,20.027338,0.026837358,18.857935,0.016859641,99.0,99.0,18.02755,0.0152579695,0.240175
582,349.2117523416376,20.789978829369133,10402800073214,20.576576,0.037765786,19.420914,0.028197775,99.0,99.0,18.924011,0.031322114,0.20402
583,349.911627278684,20.64047365060695,10402800019757,20.729475,0.029085783,19.098864,0.012665537,99.0,99.0,18.274176,0.010254827,0.408408
584,348.30307523532036,20.239527803208276,10402800054312,21.924213,0.07024178,20.080372,0.027841834,99.0,99.0,19.039604,0.018831497,0.521797
585,349.7685111399486,20.442649258071427,10402800054207,21.257364,0.043370828,19.446447,0.02201696,99.0,99.0,18.56502,0.02172984,0.453574
586,349.77147038319134,21.040968432494324,10402800043195,19.833443,0.01592478,18.318726,0.010153856,99.0,99.0,17.586113,0.010781078,0.276854
587,348.3273468098735,20.69433406268223,10402800025928,21.396147,0.06283525,19.308437,0.025510523,99.0,99.0,18.079062,0.014548346,0.515829
588,350.06057412881427,20.6773956350778,10402800050414,21.033827,0.032057878,19.217789,0.015341519,99.0,99.0,18.31515,0.01563444,0.397599
